,HGVS Consequence,cons_score,isPathogenic,Allele_frequency
85,p.Leu2Arg,0.1041666666666666,False,7.232666192203764e-07
90,p.Arg4Trp,0.1041666666666666,False,7.226812050853631e-07
91,p.Arg4Gly,0.1041666666666666,False,1.9532267305588833e-06
94,p.Gly5Arg,0.1875,False,2.1679527444113793e-06
99,p.Leu6Met,0.1666666666666666,False,1.445308096326894e-06
100,p.Leu6Pro,0.1666666666666666,False,1.8227951469902007e-06
103,p.Met8Thr,0.6458333333333334,False,1.8163192653351836e-06
104,p.Ala9Ser,0.6666666666666666,False,1.8158707100054476e-06
106,p.Ala9Glu,0.6666666666666666,False,1.4464892981489276e-06
109,p.Arg11Pro,0.6458333333333334,False,1.8162664826183299e-06
208,p.Gly12Val,0.6145833333333334,False,7.23194436609838e-07
209,p.Gly12Asp,0.6145833333333334,False,7.23194436609838e-07
215,p.Lys13Glu,0.6875,False,7.230835754458172e-07
216,p.Lys13Arg,0.6875,False,1.2006300906715843e-06
217,p.Arg14Gly,0.7083333333333334,False,7.23053251425861e-07
219,p.Arg14Leu,0.7083333333333334,False,2.4012198196683916e-06
224,p.Ser16Phe,0.7083333333333334,False,3.2558272796651447e-06
225,p.Ser17Phe,0.7083333333333334,False,7.227522405319456e-07
226,p.Ser17Cys,0.7083333333333334,False,6.571683928289785e-06
227,p.Ser17Tyr,0.7083333333333334,False,1.4455044810638913e-06
229,p.Thr18Ala,0.7083333333333334,False,6.5977857830911945e-06
231,p.Pro19Ala,0.65625,False,2.168168966853033e-06
232,p.Pro19Arg,0.65625,False,1.2003879653904143e-06
235,p.Leu20Pro,0.6979166666666666,False,1.8160817672654895e-06
236,p.Glu21Asp,0.71875,False,3.6010082823190495e-06
239,p.Leu23Met,0.71875,False,1.757878878238892e-05
244,p.Phe24Leu,0.71875,False,2.0298633495993048e-06
245,p.Phe24Ser,0.71875,False,3.6320052300875314e-06
247,p.Leu26Pro,0.71875,False,1.2003476206709464e-06
249,p.Asn27His,0.71875,False,2.4006779514534903e-06
250,p.Asn27Ile,0.71875,False,3.6010082823190495e-06
251,p.Asn27Lys,0.71875,False,6.567368061575643e-06
253,p.Gly28Arg,0.6770833333333334,False,3.632255885162598e-06
258,p.Ala32Gly,0.71875,False,7.226791160189053e-07
262,p.Phe35Ile,0.71875,False,1.815877304802269e-06
263,p.Phe35Leu,0.71875,False,2.628120893561104e-05
264,p.Leu36Met,0.71875,False,1.8158904945396173e-06
267,p.Leu37Pro,0.71875,False,7.227417932669374e-07
271,p.Phe40Leu,0.65625,False,1.1071658378119276e-05
272,p.Ile41Leu,0.5520833333333334,False,1.4463574932889012e-06
274,p.Ile41Lys,0.5520833333333334,False,1.2017353057815485e-06
278,p.Tyr44Asn,0.7291666666666666,False,1.8159894236775964e-06
281,p.Gly46Ser,0.5520833333333334,False,4.3553058513534116e-06
388,p.Val47Gly,0.6354166666666666,False,1.3693509139732676e-06
389,p.Leu48Val,0.7291666666666666,False,3.183942739973764e-06
391,p.Leu48Pro,0.7291666666666666,False,1.793749551562612e-05
394,p.Leu49Pro,0.7395833333333334,False,6.842500687671319e-07
396,p.Pro50Arg,0.7395833333333334,False,6.842566236041164e-07
397,p.Pro50Leu,0.7395833333333334,False,4.957360502973797e-06
398,p.Tyr51His,0.7395833333333334,False,2.0526350360169026e-06
399,p.Pro52Leu,0.7395833333333334,False,1.2003274493281767e-06
401,p.Ala54Thr,0.7395833333333334,False,6.841892084204535e-07
402,p.Asn55Asp,0.7395833333333334,False,1.368335351627977e-06
403,p.Asn55Lys,0.7395833333333334,False,1.5909835778675093e-06
406,p.Leu56Val,0.7395833333333334,False,6.841620588352004e-07
410,p.Leu58Gln,0.7395833333333334,False,2.561449165479862e-06
412,p.Val60Met,0.7291666666666666,False,1.5909127066197878e-06
418,p.Leu63Phe,1.0,True,3.1818254132395756e-06
419,p.Leu63Pro,1.0,True,1.3683016503086204e-06
420,p.Leu64Phe,0.7708333333333334,False,3.42072136172076e-06
424,p.Leu65Phe,0.9583333333333334,True,6.84143336238662e-07
425,p.Leu65Val,0.9583333333333334,True,1.1772695278033886e-05
426,p.Leu65His,0.9583333333333334,True,1.5909127066197878e-06
427,p.Tyr66Cys,1.0,True,2.4006606618141313e-06
429,p.Leu67Pro,0.9375,True,1.590907644629414e-06
431,p.Gly68Val,1.0,True,3.098242800613204e-06
432,p.Ile69Thr,0.8958333333333334,True,3.1818051653425056e-06
433,p.Glu70Lys,1.0,True,1.2003332124997898e-06
436,p.Ile72Val,0.96875,True,1.3682979058200552e-06
447,p.Phe75Leu,0.9791666666666666,True,1.5910544554297915e-06
449,p.Phe75Tyr,0.9791666666666666,True,6.568230781356734e-06
450,p.Phe75Ser,0.9791666666666666,True,6.84169548160747e-07
452,p.Gly77Cys,1.0,True,4.105567834244541e-06
453,p.Gly77Arg,1.0,True,1.3685188657168233e-06
562,p.Thr78Ala,0.9895833333333334,True,4.793148263031543e-06
563,p.Thr78Arg,0.9895833333333334,True,6.570561257342603e-06
564,p.Gly80Glu,1.0,True,1.5933563413989032e-06
565,p.Asn81Lys,1.0,True,1.5930060661671e-06
566,p.Cys83Tyr,1.0,True,3.185098833616807e-06
572,p.Lys86Gln,1.0,True,3.6009996374993697e-06
576,p.Pro88Thr,0.9791666666666666,True,6.843043840644669e-07
579,p.Leu89Val,1.0,True,3.4212456618605007e-06
580,p.Leu89Phe,1.0,True,5.3293871080886465e-05
582,p.Ser90Gly,0.7604166666666666,False,3.6010082823190495e-06
583,p.Ser90Asn,0.7604166666666666,False,6.842266596601857e-07
584,p.Ser90Thr,0.7604166666666666,False,1.3684533193203714e-06
586,p.Ile91Met,0.9791666666666666,True,2.7368317341113233e-06
587,p.Ser92Thr,1.0,True,6.841938896012108e-07
588,p.Ser92Arg,1.0,True,6.841966983404125e-07
592,p.Leu95Val,1.0,True,3.1820684081066374e-06
597,p.Ser99Tyr,1.0,True,1.5909177686423745e-06
598,p.Met101Leu,0.8854166666666666,True,3.1817444231974623e-06
599,p.Met101Thr,0.8854166666666666,True,2.561449165479862e-06
600,p.Met102Thr,0.9895833333333334,True,1.5908722115987311e-06
603,p.Ser104Phe,0.8854166666666666,True,1.2003447390090433e-06
605,p.Tyr105His,1.0,True,1.2003216862119048e-06
606,p.Tyr105Cys,1.0,True,2.4006548986563534e-06
608,p.Tyr106Cys,1.0,True,2.5619282096477093e-06
609,p.Leu107Pro,0.9270833333333334,True,4.104815084921783e-06
618,p.Leu114Phe,1.0,True,1.5908418416857832e-06
622,p.Leu116Gln,1.0,True,3.420660515862971e-06
624,p.Ala118Gly,1.0,True,1.8588189807723764e-06
625,p.Ile119Val,0.9895833333333334,True,3.420665196236721e-06
626,p.Ile119Thr,0.9895833333333334,True,1.590836780146357e-06
629,p.Gly122Asp,0.7395833333333334,False,1.5908772733636235e-06
632,p.Leu124Val,0.9583333333333334,True,1.590862088165577e-06
636,p.Phe126Cys,0.90625,True,3.181754546727247e-06
637,p.Phe127Val,1.0,True,1.2003216862119048e-06
639,p.Phe127Ser,1.0,True,6.841424001357339e-07
641,p.Cys128Tyr,0.9791666666666666,True,3.1818962829087624e-06
642,p.Gly129Ala,0.9583333333333334,True,1.2003216862119048e-06
644,p.Leu134Val,1.0,True,1.5910544554297915e-06
647,p.Glu135Asp,0.9479166666666666,True,6.841938896012108e-06
649,p.Val136Ala,0.875,True,1.2003216862119048e-06
653,p.Thr138Ala,0.90625,True,1.5912620617664283e-06
654,p.Thr138Ile,0.90625,True,1.5912671260124436e-06
657,p.Leu139Phe,0.9479166666666666,True,1.2003216862119048e-06
658,p.Ala140Val,0.6770833333333334,False,1.5915051819408723e-06
660,p.Ala141Val,0.8020833333333334,False,1.3685319757496133e-06
662,p.Phe142Leu,0.8958333333333334,True,1.5915051819408723e-06
663,p.Ser143Tyr,0.9375,True,1.2003505023466853e-06
763,p.Met145Val,0.53125,False,3.4260702015488578e-06
764,p.Asp146Asn,0.6041666666666666,False,1.37021589121582e-06
765,p.Asp146Tyr,0.6041666666666666,False,6.8510794560791e-07
766,p.Asp146Gly,0.6041666666666666,False,6.850769683973995e-07
774,p.Ile145Leu,0.53125,False,1.3703116499785546e-06
775,p.Ile145Thr,0.53125,False,6.851389256199479e-07
